-- usar o banco criado

USE FAKENEWSAPP;

-- Inserir adiministradores
INSERT INTO USUARIO (login, nome, sobrenome, senha, email, tipo, especialista) VALUES
('Admin', 'Admin','Adimin', '123', 'admin@gmail.com.br', 'admin', 1),
('Andressa', 'Andressa','Werner', '123', 'awkpereira@inf.ufpel.edu.br', 'admin', 1),
('Giu', 'Giuliane','Oliveira', '123', 'giuzinha@inf.ufpel.edu.br', 'admin', 1),
('Gianlucca', 'Gianlucca','Buzo', '123', 'gianlucca@inf.ufpel.edu.br', 'admin', 1),
('Joao', 'João','Barth', '123', 'joao@inf.ufpel.edu.br', 'admin', 1),
('Vitor', 'Vitor','Pinho', '123', 'vwpinho@inf.ufpel.edu.br', 'admin', 1),
('Igor', 'Igor','Rosler', '123', 'idsrosler@inf.ufpel.edu.br', 'admin', 1);

-- Inserir usuários normais
INSERT INTO USUARIO (login, nome, sobrenome, senha, email, tipo, especialista) VALUES
('User1', 'Usuário 1', 'Teste', '123', 'User1@inf.ufpel.edu.br', 'normal', 1),
('User2', 'Usuário 2', 'Teste', '123', 'User2@inf.ufpel.edu.br', 'normal', 1),
('User3', 'Usuário 3', 'Teste', '123', 'User3@inf.ufpel.edu.br', 'normal', 1),
('User4', 'Usuário 4', 'Teste', '123', 'User4@inf.ufpel.edu.br', 'normal', 1),
('User5', 'Usuário 5', 'Teste', '123', 'User5@inf.ufpel.edu.br', 'normal', 1),
('User6', 'Usuário 6', 'Teste', '123', 'User6@inf.ufpel.edu.br', 'normal', 1),
('User7', 'Usuário 7', 'Teste', '123', 'User7@inf.ufpel.edu.br', 'normal', 1),
('User8', 'Usuário 8', 'Teste', '123', 'User8@inf.ufpel.edu.br', 'normal', 1),
('User9', 'Usuário 9', 'Teste', '123', 'User9@inf.ufpel.edu.br', 'normal', 1),
('User10', 'Usuário 10', 'Teste', '123', 'User10@inf.ufpel.edu.br', 'normal', 1),
('User11', 'Usuário 11', 'Teste', '123', 'User11@inf.ufpel.edu.br', 'normal', 0),
('User12', 'Usuário 12', 'Teste', '123', 'User12@inf.ufpel.edu.br', 'normal', 0),
('User13', 'Usuário 13', 'Teste', '123', 'User13@inf.ufpel.edu.br', 'normal', 0),
('User14', 'Usuário 14', 'Teste', '123', 'User14@inf.ufpel.edu.br', 'normal', 0),
('User15', 'Usuário 15', 'Teste', '123', 'User15@inf.ufpel.edu.br', 'normal', 0),
('User16', 'Usuário 16', 'Teste', '123', 'User16@inf.ufpel.edu.br', 'normal', 0),
('User17', 'Usuário 17', 'Teste', '123', 'User17@inf.ufpel.edu.br', 'normal', 0),
('User18', 'Usuário 18', 'Teste', '123', 'User18@inf.ufpel.edu.br', 'normal', 0),
('User19', 'Usuário 19', 'Teste', '123', 'User19@inf.ufpel.edu.br', 'normal', 0),
('User20', 'Usuário 20', 'Teste', '123', 'User20@inf.ufpel.edu.br', 'normal', 0);

-- Inserir noticias
INSERT INTO NOTICIA (login, titulo, imagem, descricao) VALUES
('User1', 'CPI da Covid: Em meio a colapso por falta de oxigênio, Manaus fez apelo por azitromicina e ivermectina ao Ministério da Saúde', 
'https://i.em.com.br/dtNcIXY7uiUjBnkhpOKttzN9s8Q=/820x0/smart/imgsapp.em.com.br/app/noticia_127983242361/2021/06/15/1276788/20210615070207424950o.png', 
'Nos primeiros dias do ano, quando o Amazonas vivia o colapso do seu sistema de saúde e a iminente falta de oxigênio devido à explosão de casos de covid-19, a prefeitura de Manaus e o governo estadual solicitaram ao Ministério da Saúde envio de medicamentos ineficazes para tratamento da doença, como cloroquina, azitromicina e ivermectina. É o que mostram documentos requisitados pela Comissão Parlamentar de Inquérito (CPI) da Covid às secretarias municipal e estadual de saúde e analisados pela BBC News Brasil. Os pedidos por medicamentos ineficazes ocorreram entre 5 e 14 de janeiro. Segundo a série histórica da Fundação de Vigilância em Saúde do Amazonas, 14 de janeiro, dia em que o oxigênio acabou em Manaus, foi o mais letal da covid-19 no Estado, com 176 óbitos registrados.'),
('User11', 'Randolfe Rodrigues invade transmissão de Carlos Wizard e lembra convocação na CPI',
'https://jpimg.com.br/uploads/2020/06/carlos-wizard.jpg', 
'O vice-presidente da CPI da Covid-19, senador Randolfe Rodrigues, apareceu de surpresa em uma transmissão ao vivo do empresário Carlos Wizard e o lembrou de sua convocação ao colegiado. Durante a transmissão, realizada no Youtube nesta segunda-feira, 14, o senador lembrou que a oitiva de Wizard está marcada para esta quinta-feira, 17.  “Vim lembrar você de seu compromisso na próxima quinta-feira (17), na CPI da Covid. Para facilitar: a CPI está sendo realizada no Senado, no Anexo II, Ala Sen. Alexandre Costa, Plenário 3”, disse Randolfe no chat da transmissão. Até o momento, a comunicação do empresário não respondeu às solicitações do colegiado. Os advogados de Wizard pediram para que o depoimento fosse feito por videoconferência, uma vez que o empresário está nos Estados Unidos. Mas o presidente Omar Aziz (PSD-AM) irá negar o pedido.'),
('User12', 'Auxílio Emergencial 2021: governo antecipa pagamento da 3ª parcela; veja novo calendário',
'https://s2.glbimg.com/zpQoTxMeOTv1kWHl7VSHfWuwXYs=/0x0:713x476/1008x0/smart/filters:strip_icc()/i.s3.glbimg.com/v1/AUTH_59edd422c0c84a879bd37670ae4f538a/internal_photos/bs/2021/A/l/J9un3QRmGZjIBNtRyKGw/captura-de-tela-2021-06-15-as-08.12.34.png', 
'O governo federal decidiu antecipar os pagamentos da terceira parcela do Auxílio Emergencial 2021 para o público inscrito via canais digitais e do Cadastro Único. O novo calendário foi publicado nesta terça-feira (15) no Diário Oficial da União.'),
('User12', 'DF: Suspeito de matar família e praticar roubos se diz possuído por “demônio”',
'https://cdn-istoe-ssl.akamaized.net/wp-content/uploads/sites/14/2021/06/lazaro-418x235.jpg', 
'Uma força-tarefa da Polícia Civil de Goiás e do Distrito Federal está procurando Lázaro Barbosa de Sousa, de 32 anos. O homem é suspeito de matar quatro pessoas da mesma família e atirar em outras quatro durante roubos recentes na região do Entorno do Distrito Federal. AS informações são do G1 e do Uol. Cerca de 200 policiais realizam buscas em rios e matas de Cocalzinho de Goiás, onde o suspeito estaria escondido. De acordo com os agentes, o criminoso conhece bem a região e, por ser caçador, ele se esconde com facilidade e até dorme em cima de árvores. Ainda conforme as investigações, o homem se diz perseguido por uma espécie de “demônio” ou “espírito”. Segundo a polícia, há indícios de que Lázaro participe de rituais satânicos.'),
('User13', 'MG divulga calendário de vacinação da Covid por faixa etária: veja cronograma',
'https://www.otempo.com.br/image/contentid/policy:1.2497347:1623363440/a3f0bb7c-49b2-49fb-8c8b-7ca1d075620a.jpg?f=3x2&q=0.6&w=1200&$p$f$q$w=3e4901c', 
'O secretário de Estado de Saúde de Minas Gerais, Fábio Baccheretti, divulgou o calendário de vacinação da Covid por faixa etária na manhã desta terça-feira (15), durante coletiva de imprensa'),
('User14', 'CPI da Covid: Em meio a colapso por falta de oxigênio, Manaus fez apelo por azitromicina e ivermectina ao Ministério da Saúde', 
'https://i.em.com.br/dtNcIXY7uiUjBnkhpOKttzN9s8Q=/820x0/smart/imgsapp.em.com.br/app/noticia_127983242361/2021/06/15/1276788/20210615070207424950o.png', 
'Nos primeiros dias do ano, quando o Amazonas vivia o colapso do seu sistema de saúde e a iminente falta de oxigênio devido à explosão de casos de covid-19, a prefeitura de Manaus e o governo estadual solicitaram ao Ministério da Saúde envio de medicamentos ineficazes para tratamento da doença, como cloroquina, azitromicina e ivermectina. É o que mostram documentos requisitados pela Comissão Parlamentar de Inquérito (CPI) da Covid às secretarias municipal e estadual de saúde e analisados pela BBC News Brasil. Os pedidos por medicamentos ineficazes ocorreram entre 5 e 14 de janeiro. Segundo a série histórica da Fundação de Vigilância em Saúde do Amazonas, 14 de janeiro, dia em que o oxigênio acabou em Manaus, foi o mais letal da covid-19 no Estado, com 176 óbitos registrados.'),
('User15', 'Randolfe Rodrigues invade transmissão de Carlos Wizard e lembra convocação na CPI',
'https://jpimg.com.br/uploads/2020/06/carlos-wizard.jpg', 
'O vice-presidente da CPI da Covid-19, senador Randolfe Rodrigues, apareceu de surpresa em uma transmissão ao vivo do empresário Carlos Wizard e o lembrou de sua convocação ao colegiado. Durante a transmissão, realizada no Youtube nesta segunda-feira, 14, o senador lembrou que a oitiva de Wizard está marcada para esta quinta-feira, 17.  “Vim lembrar você de seu compromisso na próxima quinta-feira (17), na CPI da Covid. Para facilitar: a CPI está sendo realizada no Senado, no Anexo II, Ala Sen. Alexandre Costa, Plenário 3”, disse Randolfe no chat da transmissão. Até o momento, a comunicação do empresário não respondeu às solicitações do colegiado. Os advogados de Wizard pediram para que o depoimento fosse feito por videoconferência, uma vez que o empresário está nos Estados Unidos. Mas o presidente Omar Aziz (PSD-AM) irá negar o pedido.'),
('User16', 'Auxílio Emergencial 2021: governo antecipa pagamento da 3ª parcela; veja novo calendário',
'https://s2.glbimg.com/zpQoTxMeOTv1kWHl7VSHfWuwXYs=/0x0:713x476/1008x0/smart/filters:strip_icc()/i.s3.glbimg.com/v1/AUTH_59edd422c0c84a879bd37670ae4f538a/internal_photos/bs/2021/A/l/J9un3QRmGZjIBNtRyKGw/captura-de-tela-2021-06-15-as-08.12.34.png', 
'O governo federal decidiu antecipar os pagamentos da terceira parcela do Auxílio Emergencial 2021 para o público inscrito via canais digitais e do Cadastro Único. O novo calendário foi publicado nesta terça-feira (15) no Diário Oficial da União.'),
('User17', 'DF: Suspeito de matar família e praticar roubos se diz possuído por “demônio”',
'https://cdn-istoe-ssl.akamaized.net/wp-content/uploads/sites/14/2021/06/lazaro-418x235.jpg', 
'Uma força-tarefa da Polícia Civil de Goiás e do Distrito Federal está procurando Lázaro Barbosa de Sousa, de 32 anos. O homem é suspeito de matar quatro pessoas da mesma família e atirar em outras quatro durante roubos recentes na região do Entorno do Distrito Federal. AS informações são do G1 e do Uol. Cerca de 200 policiais realizam buscas em rios e matas de Cocalzinho de Goiás, onde o suspeito estaria escondido. De acordo com os agentes, o criminoso conhece bem a região e, por ser caçador, ele se esconde com facilidade e até dorme em cima de árvores. Ainda conforme as investigações, o homem se diz perseguido por uma espécie de “demônio” ou “espírito”. Segundo a polícia, há indícios de que Lázaro participe de rituais satânicos.'),
('User18', 'MG divulga calendário de vacinação da Covid por faixa etária: veja cronograma',
'https://www.otempo.com.br/image/contentid/policy:1.2497347:1623363440/a3f0bb7c-49b2-49fb-8c8b-7ca1d075620a.jpg?f=3x2&q=0.6&w=1200&$p$f$q$w=3e4901c', 
'O secretário de Estado de Saúde de Minas Gerais, Fábio Baccheretti, divulgou o calendário de vacinação da Covid por faixa etária na manhã desta terça-feira (15), durante coletiva de imprensa');

-- Inserir comentários
INSERT INTO COMENTARIO (sequencia, noticia_id, login, data, conteudo) VALUES
(0, 1, 'User1', '2021-06-15 23:59:59', 'Conteúdo para o comentário da notícia'),
(1, 1, 'User11', '2021-06-14 23:59:59', 'Conteúdo para o comentário da notícia'),
(2, 1, 'User12', '2021-06-14 23:59:59', 'Conteúdo para o comentário da notícia'),
(0, 2, 'User12', '2021-06-14 23:59:59', 'Conteúdo para o comentário da notícia'),
(1, 2, 'User1', '2021-06-15 23:59:59', 'Conteúdo para o comentário da notícia'),
(0, 3, 'User11', '2021-06-14 23:59:59', 'Conteúdo para o comentário da notícia'),
(1, 3, 'User12', '2021-06-14 23:59:59', 'Conteúdo para o comentário da notícia'),
(2, 3, 'User12', '2021-06-14 23:59:59', 'Conteúdo para o comentário da notícia'),
(0, 4, 'User1', '2021-06-15 23:59:59', 'Conteúdo para o comentário da notícia'),
(1, 4, 'User11', '2021-06-14 23:59:59', 'Conteúdo para o comentário da notícia'),
(0, 5, 'User12', '2021-06-14 23:59:59', 'Conteúdo para o comentário da notícia'),
(0, 6, 'User12', '2021-06-14 23:59:59', 'Conteúdo para o comentário da notícia'),
(1, 6, 'User1', '2021-06-15 23:59:59', 'Conteúdo para o comentário da notícia'),
(0, 7, 'User11', '2021-06-14 23:59:59', 'Conteúdo para o comentário da notícia'),
(0, 8, 'User12', '2021-06-14 23:59:59', 'Conteúdo para o comentário da notícia'),
(1, 8, 'User12', '2021-06-14 23:59:59', 'Conteúdo para o comentário da notícia'),
(2, 8, 'User1', '2021-06-15 23:59:59', 'Conteúdo para o comentário da notícia'),
(0, 9, 'User11', '2021-06-14 23:59:59', 'Conteúdo para o comentário da notícia'),
(1, 9, 'User12', '2021-06-14 23:59:59', 'Conteúdo para o comentário da notícia'),
(2, 9, 'User12', '2021-06-14 23:59:59', 'Conteúdo para o comentário da notícia'),
(3, 9, 'User1', '2021-06-15 23:59:59', 'Conteúdo para o comentário da notícia'),
(4, 9, 'User11', '2021-06-14 23:59:59', 'Conteúdo para o comentário da notícia'),
(5, 9, 'User12', '2021-06-14 23:59:59', 'Conteúdo para o comentário da notícia'),
(6, 9, 'User12', '2021-06-14 23:59:59', 'Conteúdo para o comentário da notícia');


-- Inserir denuncia usuário
/* INSERT INTO DENUNCIA_USUARIO (login_denunciante, login_denunciado, data, status, conteudo) VALUES
('User11','User12', '2021-06-15', 'em_espera', 'Conteúdo da denúncia do usuário'),
('User11','User13', '2021-06-15', 'em_espera', 'Conteúdo da denúncia do usuário'),
('User12','User15', '2021-06-15', 'em_espera', 'Conteúdo da denúncia do usuário'),
('User13','User14', '2021-06-15', 'em_espera', 'Conteúdo da denúncia do usuário'),
('User15','User18', '2021-06-15', 'em_espera', 'Conteúdo da denúncia do usuário'); */

-- Inserir denuncia notícia
/* INSERT INTO DENUNCIA_NOTICIA (login, noticia_id, data_denuncia, status_denuncia, conteudo) VALUES
('User11',1 , '2021-06-15', 'em_espera', 'Conteúdo da denúncia da notícia'),
('User11',3 , '2021-06-15', 'em_espera', 'Conteúdo da denúncia da notícia'),
('User12',1 , '2021-06-15', 'em_espera', 'Conteúdo da denúncia da notícia'),
('User13',7 , '2021-06-15', 'em_espera', 'Conteúdo da denúncia da notícia'),
('User12',6 , '2021-06-15', 'em_espera', 'Conteúdo da denúncia da notícia'); */


-- Inserir arequisição especialista
INSERT INTO REQUISICAO_ESPECIALISTA (login, formacao, descricao, certificado, status) VALUES
('User11', 'Cientista', "Descrição da requisição", 'https://drive.google.com/file/d/1B5YvrYGuuo-IiYpikaMZMaXPys7g-T73/view?usp=sharing', 'em_espera'),
('User12', 'Cientista', "Descrição da requisição", 'https://drive.google.com/file/d/1B5YvrYGuuo-IiYpikaMZMaXPys7g-T73/view?usp=sharing', 'em_espera'),
('User13', 'Cientista', "Descrição da requisição", 'https://drive.google.com/file/d/1B5YvrYGuuo-IiYpikaMZMaXPys7g-T73/view?usp=sharing', 'em_espera'),
('User14', 'Jornalista', "Descrição da requisição", 'https://drive.google.com/file/d/1B5YvrYGuuo-IiYpikaMZMaXPys7g-T73/view?usp=sharing', 'em_espera'),
('User15', 'Jornalista', "Descrição da requisição", 'https://drive.google.com/file/d/1B5YvrYGuuo-IiYpikaMZMaXPys7g-T73/view?usp=sharing', 'em_espera'),
('User16', 'Jornalista', "Descrição da requisição", 'https://drive.google.com/file/d/1B5YvrYGuuo-IiYpikaMZMaXPys7g-T73/view?usp=sharing', 'em_espera'),
('User17', 'Artes', "Descrição da requisição", 'https://drive.google.com/file/d/1B5YvrYGuuo-IiYpikaMZMaXPys7g-T73/view?usp=sharing', 'em_espera'),
('User18', 'Artes', "Descrição da requisição", 'https://drive.google.com/file/d/1B5YvrYGuuo-IiYpikaMZMaXPys7g-T73/view?usp=sharing', 'em_espera');

-- Inserir avaliação especialista
INSERT INTO AVALIA_ESPECIALISTA_NOTICIA (login, noticia_id, avaliacao) VALUES
('User1',1 , 'fake'),
('User2',1 , 'fake'),
('User3',1 , 'fake'),
('User4',1 , 'fato'),
('User5',1 , 'fato'),
('User6',1 , 'fato'),
('User7',1 , 'fato'),
('User8',1 , 'fato'),
('User9',1 , 'fato'),
('User10',1 , 'fato'),
('User1',2 , 'fake'),
('User2',2 , 'fake'),
('User3',2 , 'fake'),
('User4',2 , 'fake'),
('User5',2 , 'fake'),
('User6',2 , 'fake'),
('User7',2 , 'fake'),
('User8',2 , 'fato'),
('User9',2 , 'fato'),
('User10',2 , 'fato'),
('User1',3 , 'fake'),
('User2',3 , 'fake'),
('User3',3 , 'fake'),
('User4',3 , 'fato'),
('User5',3 , 'fato'),
('User6',3 , 'fato'),
('User7',3 , 'fato'),
('User8',3 , 'fato'),
('User9',3 , 'fato'),
('User10',3 , 'fato'),
('User1',4 , 'fake'),
('User2',4 , 'fake'),
('User3',4 , 'fake'),
('User4',4 , 'fake'),
('User5',4 , 'fake'),
('User6',4 , 'fake'),
('User7',4 , 'fake'),
('User8',4 , 'fato'),
('User9',4 , 'fato'),
('User10',4 , 'fato'),
('User1',5 , 'fake'),
('User2',5 , 'fake'),
('User3',5 , 'fake'),
('User4',5 , 'fato'),
('User5',5 , 'fato'),
('User6',5 , 'fato'),
('User7',5 , 'fato'),
('User8',5 , 'fato'),
('User9',5 , 'fato'),
('User10',5 , 'fato'),
('User1',6 , 'fake'),
('User2',6 , 'fake'),
('User3',6 , 'fake'),
('User4',6 , 'fake'),
('User5',6 , 'fake'),
('User6',6 , 'fake'),
('User7',6 , 'fake'),
('User8',6 , 'fato'),
('User9',6 , 'fato'),
('User10',6 , 'fato'),
('User1',7 , 'fake'),
('User2',7 , 'fake'),
('User3',7 , 'fake'),
('User4',7 , 'fato'),
('User5',7 , 'fato'),
('User6',7 , 'fato'),
('User7',7 , 'fato'),
('User8',7 , 'fato'),
('User9',7 , 'fato'),
('User10',7 , 'fato'),
('User1',8 , 'fake'),
('User2',8 , 'fake'),
('User3',8 , 'fake'),
('User4',8 , 'fake'),
('User5',8 , 'fake'),
('User6',8 , 'fake'),
('User7',8 , 'fake'),
('User8',8 , 'fato'),
('User9',8 , 'fato'),
('User10',8 , 'fato'),
('User1',9 , 'fake'),
('User2',9 , 'fake'),
('User3',9 , 'fake'),
('User4',9 , 'fato'),
('User5',9 , 'fato'),
('User6',9 , 'fato'),
('User7',9 , 'fato'),
('User8',9 , 'fato'),
('User9',9 , 'fato'),
('User10',9 , 'fato'),
('User1',10 , 'fake'),
('User2',10 , 'fake'),
('User3',10 , 'fake'),
('User4',10 , 'fake'),
('User5',10 , 'fake'),
('User6',10 , 'fake'),
('User7',10 , 'fake'),
('User8',10 , 'fato'),
('User9',10 , 'fato'),
('User10',10 , 'fato');

